key,sequence
-1,APTSSSTKKTQLQLEHLLLDLQMVILNGINNYKNPKLTRMLTFKFYMPKKATELKHLQCLEEELKPLEEVLNLAQSKNFHLRPRDLISNINVIVLELKGSETTFMCEYADEKTATIVEFLNRWITFCQSIISTLT
-1,APTSSSTKKTQLQLEHLLLDLQM-ILNGINNYKNPKLTRMLTFKFYMPKKATELKHLQCLEEELKPLEEVLNLAQSKNFHLRPRDLISNINVIVQELKGSETTFMCEYADE-TATIVEFLNRWITFCQSIISTLT
-1,APTSSSTKKTQLQLEHLLLDLQM-ILNGINNYKNPKLTRMLTFKFYMPKKATELKHLQCLEEELKPLEEVLNLAQSKNFHLRdTKDLISNINVIVLELKGSETTLMCEYADE-TATIVEFLNRWITFCQSIISTLT
-1,APTSRSTKKTQLQLEHLLLDLQM-ILNGINNYKNPKLTRMLTFKFYMPKKATELKHLQCLEEELKPLEEVLNLAQSKNFHLRdTKDLISNINVIVLELKGSETTLMCEYADE-TATIVEFLNRWITFCQSIISTLT
-1,APTSSSTKKTQLQLEHLLLDLQM-ILNGINNYKNPKLTRMLTFKFYMPKKATELKHLQCLEEELKPLEEVLNLAHSKNFHFDPRDVVSNINVFVLELKGSETTFMCEYADE-TATIVEFLNRWITFCQSIISTLT
-1,APTSSSTKKTQLQLEHLLLDLQM-ILNGINNYKNPKLTRMLTFKFYMPKKATELRHLQCLEEELKPLEEVLNLAQSKSFHLRdTKDLISNINVIVLELKGSETTLMCEYADE-TATIVEFLNRWITFCQSIISTLT
-1,APASSSTKETQQQLEQLLLDLRL-LLNGVNNHENPKLSRMLTFKFYMPKKATELTHLQCLVEELKPLEEVLYLAQSKNFHLRhIKELMSNINVTVLKLKGSETRFTCEYDDE-TANIVEFLNKWITFCQSIFSTL-
-1,APTSSSTKKTQLQLEHLLLDLQM-LLNGINNYKNPKLTRMLTFKFYLPKKATELKHLQCLEEELKPLEEVLNLAQSKNFHLRdTRDIISNINVLVLELKGSETTFTCEYDDD-TATIIEFLNGWITFCQSIISTLT
-1,APISGSAKETMQQLEQLLLDLQM-LLRGVDNHKNPRLSRMLTFKFYVPKKATELKHLQCLGEELKPLEEVLNLAQSKNFHLkDTRDFISNINVTVLELKGSATTFTCEYADE-AATIVEFLNRWITFCQSIISKLT
-1,APASSSTKETQQQLEQLLLDLRL-LLNGVNNHENPKLSRMLTFKFYVPKKATELTHLQCLVEELKPLEEVLYLAQNKNFHLRhIKELMSNINVTVLKLKGSETRFTCEYDDE-TATVVEFLNKWITFCQSIFSTLT
-1,APTSSSTKKTQLQLEHLLLDLQM-ILNMLNNYDNPKLTRMLTFKFYMPKKATELKHLQCLEEELKPLEEALNQAQSKNFHLDPRDLISNINVIVLELKGSETTFMCEYADE-TATIIEFLNRWITFCQSIISTLT
-1,APTSSSTKETEQQLEQLLLDLRL-LLNGVNNYENPKLSRMLTFTFYVPKKATELKHLQCLVEELKPVEGVLHLAQSKNFHLRdIKELMSNINVTVLELKGSETSFTCEYDDE-TENIVEFLNKWITFCQSIFSTLT
-1,APTTSSTKETQQQLEQLLLDLRL-LLNGVNNYEDPKLSRMLTFKFYTPKKATELTHLQCLAEELKPLEEVLYLAQSKNFHLtDIKELMSNINVTLLKLKGSETRFKCEYDDE-TATITEFLNKWITFCQSIFSTLT
-1,APTSSSTKKTQLQLEHLLLDLQM-ILNGINNYKNPKLHLMLSYGFYMPKKATELKHLQCLEEELKPLEEVLNLAQSKFNHLRPRDLISNINVIVLELKGSETTFMCEYADE-TATIVEFLNRWITFCQSIISTLT
-1,APASSSTKETQQRLEQLLLDLRL-LLNGVNNPENPKLSRMLTFKFYVPKKATELTHLQCLVEELKPLEEVLYLAQSKNFHLnHIKELMSNINVTVLKLKGSETRFTCNYDDE-TATIVEFLNKWITFCQSIFSTLT
-1,APISGSATETMRQLEQLLLDLQM-LLRGVGNHKNPRLSRMLTFKFMCPRRxATELKHLQCLGEELKPLEEVLNLAQSKNFHLkDTRDFISNINVTVLELKGSATTFTCEYAHE-AVTIVEFLNRWITFCQSIISKLT
-1,APTSSSTKETQQQVEQLLLDLQM-LLNGVNNYKNPKLSRMLTFKFYTPKKATELKHLQCLEEELKPLEEVLNLAQSKNFHLRdTRELISNINVTVLELKGSETC-ICEYDDD-TATIVEFLSRWITFCQSIISTST
-1,APtTSSSTKETQQQLEQLLLDLRL-LLNEVNNYENPKLSRMLTFKFYTPKKATELTHLQCLAEELKLLEEVLYLAQSKNFHLtDIKELMSNINVTLLKLKGSETRFKCEYDDE-TATITEFLNKWITFCQSIFSTLT
-1,APTSSSTKETRQQLEQLRLDLQMA-LNGVNNYKNPKLSRMLTFKFYVPKKATELKHLQCLEEELKALEKVLNLAQSKNFHLRdTRELIGNINVTVLELKGSET-FMCEYDDE-TATIVEFLNRWITFCQSIISTL-
-1,APtTSSSTKETQQQLEQLLLDLRL-LLNGVNNYENPQLSRMLTFKFYTPKKATELTHLQCLAEELKLLEEVLYLAPNKNFHLtDIKELMSNINVTLLKLKGSETRFKCEYDDE-TATITEFLNKWITFCQSIFSTLT
-1,APTSTSTKETQQQLEQLLLDLQM-ILKGVNNYKNPKLSRMLTFKFYTPKKATELKHLQCLEEELKPLEEVLNLAQSKSFQLkDKRDLISNINVTVLKLKESEPPFMCEYDDE-TATIIEFLNKWITFCQTIISTL-
-1,APTpSSPTKETQQQLEQLMLDLRL-LLNGVNNYENPKLSRMLTFKFYMPKKATELKHLQCLAEELKLLEEVLYLDQSKNLHLtDIKELMSNINVTLLKLKGSEASFKCEYDDE-TVTITEFLNKWITFCQSIISTLT
-1,APTSSSTKKTQLXLEHLLLDLQM-ILXGINNYKNPKLTRMLTFKFYMPKKATELKHLQCLEEELKPLEEVLNLAQSKNFHLRPRDLISNINVIVLELKGSETTFMCEYADE-TATIVEFLNRWIT----------
-1,APtTSSSTKEAQQQLEQLLLDLQL-LLNGVNNYESLKLPRMLTFKFYMPKKATELTHLQCLAEELKLLEEVLYLAQSKNFHLtDIKELMSNINVTLLKLKGSETSFKCEYDDE-TVTITEFLNKWITFCQSIFSTLT
-1,APtTSSSTKETQQQLEQLLLDLQL-LLNGVNNYDSHKLPRMLTFKFYMPKKATELTHLQCLAEELKVLEEVLYLAQSKNFHLtDIKELMSNINVTLLKLKGSETSFKCEYDDE-TVTITEFLNKWITFCQSIFSTLT
-1,APTLSSTKDTKKQLEPLLLDLQF-LLKEVNNYENLKLSRMLTFKFYMPKKATELKHLQCLMEELKPLEEVLNLAQSKNSHLtNIKDSMNNINLTVSELKGSETGFTCEYDDE-TVTVVEFLNKWITFCQSIYSTMT
-1,APTSSSTKEMQQQLEQLLLDLQM-LSNMVNNYKNLKLSRMLTFKFYMPKKVTELKHLQCLVEELKPLENVLNLAQSKMVDLRhNRDLISNINVTVLELKGSETTFMCEYDDE-AATIVEFLNKWITFCQSIISTRT
-1,APTSSSTENTKEQVKSLLLDLQL-LLKEINNYENLKLFRMLTFKFYMPKKATELKHLQCLAEELKPLEDVLNVAQSKTQNsIDIKDLMDNINRIVLTLKGSETRFTCEYDDE-TVTAVEFLKKWITFCQSIYSTMT
-1,APTSSSTENTKEQVKSLLLDLQL-LLKEIKNYENLKLFRMLTFKFYMPKKATELKHLQCLAEELKPLEEVLNVAQSKTQNLtDIKDLMDNINRIVLTLKGSETRFTCEYDDE-TVTAVEFLKKWITFCQSIYSTMT
-1,APtTSSSTKEAQQQLEQLLLDLQL-LLNGVKNYESP---RMLTFKFYMPKKATELTHLQCLAEELKLLEEVLYLAQSKNFHLtDIKELMSNINVTLLKLKGSETSFKCEYDDE-TVTITEFLNKWITFCQSIFSTLT
-1,APTSSSTENTKEQVKSLLLDLRL-LSNEVNNYENLKLFRMLTFKFYMPKKATELKHLQCLAEELKPLEDVLNVAQSKTQNWTgIKDLMDNINRIVLTLKGSETRFTCEYDDE-TVTAVEFLEKWITFCQSIYSTMT
-1,APTSSSTENTKKQVQSLLQDLHL-LLKEINNYKNLKLFRMLTFKFYMPKKATELKHLQCLAEELKPLEDVLNVAQSKTQNsIDIKDLMDNINRIVLTLKGSETRFRCEYDDE-TVTAVEFLNKWITFCQSIYSTMT
-1,APTSSSTKETQEQLDQLLLDLQ-VLLKGVNDYKNSKLSRMLTFKFYMPKKVTELKHLQCLEEELKPLEEVLNLAQGKNSHgINTRESISNINVTVLKLKGSET-FMCEYDE--TVTVVEFLNRWITFCQSIIS---
-1,APTSSSTKETRQQLEQLLLDLQMA-LNRVNNYKNPKLSRMLTFKFYVPKKATELKHLQCLEDELEALEKVLNLAESKNFHLRdTRELIGNINVTVLELKGSET-FTCE--DDETATITEFLNRWITFCQSIISTLT
-1,APiTSSSTKETEQQMEQLLLDLQL-LLNGVNNYENPQLSRMLTFKFYTPKKATEFTHLQCLAEELKNLEEVLGLPQSKNVHLtDTKELISNMNVTLLKLKGSETSYNCEYDDE-TATITEFLNKWITFCQSIFSTLT
-1,APTSSSTKETQEQLDQLLLDLQ-VLLKGVHDYKNSKLSRMLTFKFYMPKKVTELKHLQCLEEELKPLEEVLNLAQGKNSHGRnTRESISNINVTVLKLKGPET-FMCEYDE--TVTVVEFLNRWITFCQSIISTL-
-1,APTSSPTKETQQQLQQLLLDLQM-LLRGTTNHKNSELSRMLTFKFYMPKKATELTHLQCLEEELQPLQEVLSLAQSKSFHLkDTREFISNIKVTILKLKGSENTFMCDYDDE-TATVVEFLSRWITFCQSLISTLT
-1,APTSSSTENTKKQVQSLLQDLQL-LLKEINNYENLKLFRMLTFKFYMPKKATELKHLQCLAEELKPLEDVLNVAQSKTQNsIDIKDLMDNINRIVLTLKGSETRFTCEY-DEKTVTAVELLNKWITFCQSIIST--
-1,APTSSSTKETRQQLEQLLLDLQMA-LNGVNNYKNPKLSRMLTLKLYVPKKATELKHLQCLEEELEALEKVLNLDQSENFHLRdTRELIGNINVTVLELKGSET-FMCEDVDETT--IVEFLNRWITFCQSIISTLT
-1,APISSSTKKTRQQLEQLLLDLQM-LLNGVNNNKNPKLSRMLTLKLYVPKKATELKHLQCLEEELEPLEKVLDLGQSKNFHLgDTREVIGNINVTVLELKGSET-FMCENDE--TATIVEFLNRWITFCQSIISTMT
-1,APTSSSTKNTKKQLEPLLLDLQL-LLKEVKNYENADLSRMLTFKFYMPKQATELKHLQCLVEELKALEGVLNLGQSKNSdSANIKESMNNINVTVLEVKGSETSFKCEYDDE-TVTAVEFMNKWITFCQSIYSTLT
-1,APTSSSAEETRQQVEQLLLDLQM-LSRGVNNQENSTLTRMLKFKFYMPKKATDLEHLQCLEEELKPLQEVLNVPQSKNFHLkDTRNFISNINVTVLKLKGSATTFTCEYAQE-TANIVEFLNTWITFCQSIISKL-
-1,APTSSSTKNTKKQLEPLLLDLQL-LLKEVKNYENAELSRMLTFKFYMPKQATELKHLQCLAEELKALERVLYLGQSKNSdSANIKESMNNINVTVSELKGSETRFTCEYDDE-TVTPVEFLNKWITFCQSIYSTLT
-1,APTSSSSQETQQQLEQLMLDL-NRLLNIVRNYKNPTLSMMLTFKFYMPRKTTELTHLQCLEEDLKPLEEVLNLAQSKNSHLkDIKELMSNINVLILKLKGPETRFTCDYNDE-AVNIIEFLNKWITFCQSIFSTL-
-1,APTSGSAEETRQQLEHLLLDLQ-VLSRGVSNQENSTLTRMLKFKFYMPKKATDLEHLQCLEEELKPLQEVLNVPQSKNFHLkDTRNFISNINVTVLKLKGSATTFTCEYAQE-TANIVEFLNTWITFCQSIISKL-
-1,APTSSSTKKTQLQLEHLLLDLQM-ILNMLNNYDNPKLTRLLTFKFYMPKKATSLKHLQCLEEELKPLEEALNAAGDDP--KTIRDVVSNINVFVLELKGSETTFMCEYADE-TATIIEFLNRWITFCQSIISTLT
-1,APTSGSAEETRQQLEQLLLDLQM-LLRGVSNQENSTLTRMLKFKFYMPMKASDLEHLQCLEEELKPLQEVLNVPQSKNFHLkDTRNFISNINVTVLKLKGSATTFTCEYAQE-TANIVEFLNTWITFCQSIISKL-
-1,APTSSSKRETQQQLEQLQLDLRL-LLSGVNNYKNTKLSnKMLTFKFNMPKKATELKHLQCLEEELKPLEDVL-----KNFHLkDIKELMSNINATVLELKGSETRFTCEYDDE-TATIVEFLNKWITFCQSIFSTL-
-1,APTSSSTGNTMKEVKSLLLDLQL-LLEKVKNPENLKLSRMHTFDFYVPKKATELKHLKCLLEELKLLEEVLNLAPSKNLNPReIKDSMDNIKRIVLELQGSETRFTCEYDD-ATVNAVEFLNKWITFCQSIYSTMT
-1,APTSSSKKETQQHLEQLLLDLQ-ELLKGINNYKNPKLPMMLTFKFYMPKKATELKHLQCLEEELGALQSVLDLAQSKSFHLEDAEnFISNIRVTVVKLKGSESTFRCEFDDE-TVTVVEFLNRWITFCQSSIATMT
-1,APTSSSTKETQEQLGQLLLDLQ-VLLKGVNDYKNSKLSRMLTFKFYMPKKVTDLEHLQCLEEELKPLEEVLSLDQSKNSHLRnIRELISNINVTVLKLKGSEMTSRFECDDE-TVTVVELLNRWITFCQSIISTL-
-1,APTSAPMKEARGQLEQVLLDLQ-VLLKAVNSDKNLKLSRMLTFKFYMPKKATDLKHLQCLEEELKPLEGVLNLAQSNNFHLKDsRDLISNINVTVLKLKGSET-FICDYED-KTATIVEFLNRWIIFCQGIISTLT
-1,APTPGATVDTKEPLEHLLLDLQ-KILNGINNYKNPKmLSRMLTFKFYTPRKATELKHLQCLEEELKPLEKVLNLAQSKNFHLkDTRQLISNINVTVLELKGSETS-VCEYED-RVATIVEFLNMWITFCQSIISTL-
-1,APTSSSKKETQQHLEQLLLDLQ-VLLKGINNNKNPKLPMMLTFKFYMPKKATELKHLQCLEEELGALQSVLDLAQSKSFQLeDTENFISNIRVTVVKLKGSENTFTCEFDDE-TVTVVEFLSRWITFCQSIIATMT
-1,APTSSSTKKTQLQLEHLLLDLQM-LLNGVNNDKNTKLPMMLKFKFYVPKKVTELKHLQCLQGELKPLEEVLNIAESKNFHLkDTRNTISNINITVLELKGSETVFMCDY--NERVTIAEFLNRWITFCQSIIATLT
-1,-PTPSSAEETQQQVQQVLLDLQL-LLKGVNNCKSPILSRMLTFKFYMPKKATELKHLQCLEEELGPLQEVLKLAQSKNIHLkNSRDIISNIKVTVLKLKGSET-LLCEYNDE-TVTIVEFLSRWITFCQGIMSRLT
-1,-PTSTPAEEAREQLQQVLLDLQ-VLLRGVNSNKNPKLSRMLTFKFYTPKRATDLRHLQCLEEELKPLEGVLNLGQSKTFHLRDsRDLISNINVTVLKLKGSET-FLCDYED-KAATIVEFLSRWITFCQGIISTL-
-1,APTSSSKRETQQQLKQLQMDLKL-LLEGVNNNKNPKLSKMLTFKINMPKKATELKHLQCLEEELKPLEEML-----KNFlSKDIKELMSNINVTVLGLKGSETRFTCEYDDE-TGTIVEFLNKWITFCQSIFSTMT
-1,APTSSSTKETQQQLEQLLLDLKM--LSKMVNNKDLKLPRMLTFKFYMPKRVTELKHLQCLVEELKPLENVLNLAQSQMSQLeHNGDLISNINITVLELKGSETTFMCDYDDE-AATIVEFLNKWIIFCQSIISK--
-1,APTSSSAKETQQQLEQLLLDLRMLLVR-VKNYEPRRLSMMFTFKFNMPKKATELKHLQCLVEELKPLEDVLNVAPSKQ---NTRELISNINVTALELQGSKTPFMCEYDD-KAATIEEFLNNWIAFCQRIISTLT
-1,APISSSRKETQQQLAHLLKDLQL-LLKNVNNYENSKLSMMLTFKFYTPKKATKLQHLQCLKEELKPLKEVLPLAQSKNFSLNeIEDVMTNINITVQALKGPETRFPCEYDDE-TATIVEFLNQWITFCQNILSTLT
-1,APTSSSTGNTMKEVKSLLLDLQL-LLEKVKNPENLKLSRMHTFNFYMPKvNATELKHLKCLLEELKLLEEVLDLAPSKNLNTReIKDSMDNIKRIVLELQGSETRFTCEYDD-ATVKAVEFLNKWITFCQSIYSTMT
-1,APTSSPAKEAQQYLEQLLLDLQQ-LLRGINNYKNPKLPMLLTFKFYMPRKATELKHLQCLEEELGPLHDVLNLVQSKNLYLEDAgNFISNIRVTVMKLKGSENTLNCEFDDE-TVTVVEFLSRWITFCQSAISTMT
-1,APTSSSTGNTMKEVKSLLLDLQL-LLEKVKNPENLKHSRMHTFNFYVPKvNATELKHLKCLLEELKLLEEVLNLAPSKNLNPReIKDSMDNIKRIVLELQGSETRFTCEYDD-VTVKAVEFLNKWITFCQSIYSTMT
-1,APTSSSTGNTMKEVKSLLLDLQL-LLEKVKNPENLKLSRMHTFNFYVPKvNSTELKHLKCLLEELKLLEEVLNLAPSKNLNLReIKDSMDNIKRIVLELQGSETTFTCEY-DNATVKAAEFLNKWITFCQSIYSTMT
-1,APTSSSKRETQQQLKQLQMELKL-LLEGVNNNKNPKLSKMLTFKINMPKKATELKHLQCLEEELKPLEEML-----KNFlSKDIKELMSNINVTVLGLKGSETRFTCEYDDE-TGTIVEFLNKWITFCQSIFSTMT
-1,APTSSSTKNTKKQLEPLLLDLQL-LLKEVkvslfpfllkllhlifltgaffkitsvmlsQNYENADLSRMLTFKFYMPKQATELKHLQCLVEELKALEGVLNLGQSKNSdSANIKESMNNINVTVLELKGSETSFKCEYDDE-TVTAVEFLNKWITFCQSIYSTLT
-1,APTSSPTKETQQHLEQLLLDLE-VLLKGINNYKNPKLPMMLTFKFYMPKEATELKHLQCLEEELGALQRVLDLAQSKSFRLEDAENsISNIRVTVVKLKGSENTSTCEFHDE-TVTVVEFLRRWITFCQSAIETM-
-1,APTPSSTKETQQHLTQLLLDLQM-LLRGINNDRNPKLPMMLTFKFYMPKKATELKHLHCLEEELGALQSVLDLAQSKSFHLKDAEnFISNIRVTVGKLKGSENTSSCEFDDE-TVTVVEFLSRWIAFCQSIIATMT
-1,APTSSSRKETQQQLEHLLKDLQL-LLNTVNNSKKHELSSMLTFKFHMPKKATELKHLQCLVDELKPLEEVLTIAQSKNSHSKIKELVSNINVTAQKLKGPETKSTCDYDDDR-VTVREFLNNWITFCQSIFSTL-
-1,APTSSSTKETQQQLEQLLLDLQMLLIR-VKNYETRRLSMIFTFKFNMPKEVTELKHLQCLVDELKPLEDVLNVAPSKQ---NTRELISNINVTALELQGSETTFMCEYDDH-AATIEEFLNKWIVFCQSMISTL-
-1,-PISSSRKETQKQLVHLLKDLEL-LLKRVNNYENSKLSMMLTFKFYMPKKATKLQHLQCLEEELKPLKEVLPLAQSKNFPLNeIEDLMTNINVTVQVLKGPETRFPCEYDDE-TATIVEFLNQWITFCQNNLSTLT
-1,APTSSPTKETQQHLTQLLLDLQM-LLRGINNDRNPKLPMMLTFKFYMPKKTTELKHLHCLEEELGALQSVLDLAQSKSFHLKDAENsISNIRVTVGKLKGSENTSSCEFDDE-TVTVVEFLSRWITFCQSIITTMT
-1,APTSSSTKETQQHLEQLLMDLE-VLLKGINNYKNPKLPMILTFKFYMPKKATELKHLQCLEEELGALQRVLDLAQSKSFRLEDAENsISNIRVTVVKLKGSENTSTCEFHDE-TVTVVEFLNTWIAFCQSAIATM-
-1,----------------------------INNPENPKLSRMLTFKFYVPKKATELTHLQCLVEELKPLEEVLYLAQSKNFHLnHIKELMSNINVTVLKLKGSETRFTCNYDDE-TATIVEFLNKWITFCQSIFST--
-1,APTSSSSQETQQQLEHLILDMQR-LLNGVSNYKNSKLPMMLTFKFYMPRNATELKHLQCLVEELEPLEKVLKLEKSLS---NITELMSNVNVLVQNLKGPETRFKCDYDDE-TVTIVEFLNKWITFCQRIFSTLT
-1,APTSSSTGNTMKEVKSLLLDLQL-LLEKVENPENLKLSKMHTFNFFMPKKATELKHLNCLLEELKLLEEVLNLSPSKNLNPKeikdsmdeIKDLMDNIKRIVLELQGSETSFKCEY-DATTVKAVEFLNKWIIFCQRIYSTMT
-1,---SSPTKETQQYLEQLSLDLQQ-LLRGVNNYKNPKLPMLLTFKFYMPRKATELKHLQCLKEELGPLYDVLNLVQSKNLYLEDAgNFISNIRVTVMKLKGSENTLKCEFDDE-TVTVVEFLSRWIAFCQSAISTMT
-1,APTSSSRKETQQQLEHLLKDLQR-LLETVNNYKNHELSSMLTFKFYMP-NATELNHLQCLVDELKPLEEVLTIAQSKNSHSDIKESVSNINVTAQKLKGPETKYTCVYNDE-SANVKEFLNKWITFCQSILSTL-
-1,APTSSPTKETQQHLTQLLRDLQM-LLGEINDDRNPKLPMMLTFKFYMPKKATELKHLNCLEEELGALQSVLDLAQSKSFHLKDAENsISNIRITVGKLKGSENTSSCEFDDE-TVTVVEFLSRWITFCQSIIATMT
-1,APTSSSTKETQQHLEQLLLDLQ-VLLRGIKNYKDPILPMMLKFKFYMPNKATELKHLQCLEEELGPLQRVLDLAESKSFPLEDAENsISNIRVIVVKLKGSENPSMCEFDDER-VTVVEFLSRWITFCQSTIAAMT
-1,APTSSPAKETQQHLEQLLLDLQ-VLLRGIDNYKNLKLPMMLTFKFYLPKQATELKHLQCLENELGALQRVLDLTQSKSFHLEDAgNFISNIRVTVVKLKGSENKFECQFDDE-PATVVEFLRRWIAICQSIISTMT
-1,APTSRSTKAMHQQLEQLLGDL-DVTLRRVNNYETSKLSMMLRFKFYLPKKVTELKHLQCLVGELKPLEDVLNIAQNKE---DTSELISNINVTALELKGSETTFTCDY-DEKTSTIVEFLSKWIAFCQSVISTLT
-1,APTSSSTGNTMKEVKSLLLDIQL-LLEKVKNPENLKLSRMHTFDFYVPKvNATELKHLKCLLEELKLLEEVLNLAPSKNLNPReIKDSMDNIKRIVLELQGSETGFTCEYDD-ATVNAVEFLNKWITFC--------
-1,APTSSSKKETRQQLEQLLLDLQMV-RTIVQNQKTSTFSMMLIFKLYVPTKVTELKHLQCLVEELKPLEDVLNVAESPE---NTRELISNINVTALELKGSETTFMCDYDD-KTATIVEFLDKWIVFCQSIISTLT
-1,APTSSSSQETQQQLEHLILDMQQ-LLKRVSNYKNSKLPMMLTFKFYMPRNATELKHLQCLIEEREPLEKVLKLEKSFS---NITELISNVNVLVQNLKGPETRFKCDYDDE-TVTIVEFLNKWITFCQRIFSTLT
-1,APTSSSTGNTMKEVKSLLLDLQL-LLEKVKNPENLKLSRMHTFNFYMPKvNATELKHLKCLLEELKLLEEVLDLAPSKNLNTkNVNVNMFNIlenkghNSIRLELKGSETRFTCEYDD-ATVKAVEFLNKWITFCQSIYSTMT
-1,APTSSSTGNTMKEVKSLLLDLQL-LLEKVKNPENLKLSKMHTFNFFMPKvNATELKHLNCLLEELKLLEDVLSLSPSKNLNPKeikdsmdeIKDLMDNIKRIVLELQGSETSFKCEY-DAATVKAAEFLNKWITFCQRIYSTMT
-1,APTSRPTKEAQQHLQQLLLDLK-VLLEGINNYKNPELPMMLTFKFYMPKKATELKHLQCLEEELGALQRVLDLAQSKSFLLEDAENsISNIRVVAVKLKGSENTSTCEFHDE-TVNVVEFLRGWITFCQSAIATM-
-1,APTSSSTEETGQHLEQLLLDLQ-VLERGINNYKNPKLPMMLRFKFYMPMKATEPKHLQCLEEELGALQSVLDLNQSKSFYLeDTGNFINNIRVTVAKLKGSENTFKCKFDDE-PVTVVEFLRRWIAFCQSAISTM-
-1,APTSSSTREIQQQMEQLLLDLQMV-LNTVTNSDTPKRSTMCRFKLNMPKKVTELKHLQCFVEELKALEDVLKVAQSK---IDTREIISNMNVTALKLKGSETTFMCEYDD-KEADIIGFLNKWITFCQSILATLT
-1,APTSSSTRALQQQLEHLLLDLQL-LQRDVENYKNLGVPRIFTFKFYLPKKATELKHLHCLAEELQSLEEVLNLAQGKNS--TIKDLMNNINVTVLELKGAETSFTCDYEDE-AVSLSDFLTRWITSCQGIFSTL-
-1,APTSSSTGNTMKEVKSLLLDLQL-LLEKVKNLENLKLSRMHTFNFYMPKvNDTELKHLKCLLEELKLLEDVLDLAPSKNRNTReIKDYMASLKGIVLELQGSETRFTCEYDD-ATVKAVEFQNKWTTFCQSIYSTLT
-1,APTSRSSQETQQQLEQLILDLQR-LLNGVRNDKNSKLPMMLTFKFYMPRNATELKHLQCLVEEHEALEKVLKLDQSKSLS-NITELMSNVNVLAQNLKGPETRFKCDDDDE-TVNIVDFLNKWITFCQRIVSTLT
-1,APTSSSKKETQQHLKQLLLDLQL-LLSRINNNKNQKLPMMLTFKFYMPKKATELKHLHCLEEELGALHHVLDLAQSKNNLL--EDFISNIRVTVGKLKGSEN--TCEFDDE-TVTVVEFLSRWITFCQSITATMT
-1,APTSRSTQAAQQQLEHLLLDLQL-LQKGVENYKNLRVPRM--FKFYLPKKATELKHLQCLAEELTSLEEVLNLAQGKN--AVIKDLMSNINVTVLELKGSETSSACDYEDE-PVSLTDFLTRWITSCQGIFSTL-
-1,APTSSSTKETQQHLEQLLMDLQ-VLLRRIDNYKNLKLPRMLTFKFFLPKQATELKDLQCLEVELGALRSVLDLTQSKSFQLEDAEnFISNIRVTVVKLKGSENTFECQFDDE-PATVVEFLRRWIAFCQSILTT--
-1,------------QLEQLLLDLRMLLVR-VKNYKPRRLSMMFTFKFNMPKKATELKHLQCLVEELKPLEDVLNVAPSKQ---NTRELISNINVTALELQGSKTPFMCEYDD-KAATIEEFLNNWIAFCQSIIST--
-1,APTSSSTRETQEQLEQLLLDLQ-VILKGVT--RNPKLSKMLKPKLYFPNKPSELQHLQCLEEELKPLEQVLNLAEHKHFPLiNTKDFISNINVTVWKLKGSKTTLKCDLNDEEA-NIVQFLKGWIAFCQKIISTMT
-1,APTSSSPTEAQQHLEQLLMDLQ-ALLSRMENYKNVKLPRMLTFKFFLPKQATELKDLQCLQNELGALQRVLDLTQSKSFQLEDAEnFISNIRVTVIKLKGSENTFKCQFDDE-SVTVVEFLRRWIAFCQSVISTMT
-1,APTSSSTRETQEQLEQLLLDLQ-VILKGVT--RNPKLSKMLKPKLYFPNKPSELQHLQCLEEELKVLEQVLNLAEHKHFPLiNTKDFISNINVTVWKLKGSKTALTCELNDEEA-NIVQFLKGWIAFCQKIISTMT
-1,APTSSSTRETQEQLEQLLLDLQ-VIWDGVT--RNPKISKMLKPKLYFPNKPSELRHLQCLEEELKPLEQVLNLAEHKHFPLiNTKDFISNINVTVKKLKGSKTAFTCELNDEEA-DIVQFLEGWIAFCQKIISTL-
-1,APTSSSTTETEDQLEQLLLDLQ-KLLDGVT--KNPKRPRMLKLKLYIPKQVSELKHLQCLEEELKPLEEVLNLAEPKSLpWVDTKVFISNINITVLNLQGSEPAFICESDD--GVDIIEFLKRWITFCQKIISRLT
-1,APISSSRKETQHQLDGLLTDLQ-KLLKGVNNYKDPERFMMLTFKFNMPKKVTELQHLQCLAEELRPLKDALLLVHSKNFPFsEIKDSMNNINVTVQVLKGPETRVPSECDDE-TANIVEFLNQWITFCQNIFSTLT
-1,APTSSSTKETQQPLEQLLLDLQ-VLLRRLDNSKNLKLPRMLKFKFYLPKQATELKDLQCLESELGALQNVLDLTQSKSFQLEDAEnFIRNIRLTVVNLKGSENTFQCQFDDE-TVTVVEFLRRWIAFCQSI-----
-1,APTSSSTTEAQQHLEQLLMDLQ-VLLSRMNNYKNLKLARMLTFKFYLPKQATGLKDLQCLEKELGALQRVLNLTQSKSFQLEDAgNFISNIRVTVIKLKGSGT--ECQFDDE-PATVVEFLRRWIAFCQSLIS---
-1,APtTSSSTKETQQQLEQLLLDLRL-LLNGVNNYENPQLSRMLTFKFYTPKKATELTHLQCLAEELKLLEEVLYLAPNKNFHLtDIKELMSNINVTLLKLK-------------------------------------
-1,APTSSSTQETQDQLEQLLLDLQ-KLLNGVT--KNPKRPKMLKVKLYPPKTVSELKHLQCLEEELKPLEEVLNLAERKSLpWVDTKVFVSNINITVLNLKESEPAFVCEEDDE-GVDIIEFLKRWITFCQKISSRLT
-1,APTSSSPKQTQDRLELLLRDLQ-TLLEGVT--SNPRLPKMLKLKLYPPKMVSELQHLQCLEEELRAVEQVLNLAEHKNFPLiHTKDFISNINVTVLSLKGSETAFVCDLEDE-SVNIVEFLKRWIAFCQKIMSRLT
-1,----------QQHLTQLLLDLQM-LLRGINNDRNPKLPMMLTFKFYMPKKATELKHLHCLEEELGALQSVLDLAQSKSFHLKDAEnFISNIRVTVGKLKGSEXTSSCEFDDE-TVTVVEFLSRWIAF---------
-1,-PTSSSTalqrkqqQQQQQHLEQLLMDLQ-ELLSRMENYRNLKLPRMLTFKFYLPKQATELKDLQCLEDELGPLRRVLDLTQSKSFQLEDAEnFISNIRVTVVKLKGSDNTFECQFDDE-SATVVDFLRRWIAFCQSIIST--
-1,--TSSSTAEAQQQqqhLEQLLMDLQ-ELLSRMENYRNLKLPRMLTFKFYLPKQATELKDLQCLEDELGALQRVLDLTQSKSFQLEDAEnFISNIRVTVIKLKGSENTLECQFADE-SVTVVEFLRRWIAFCQSIIS---
-1,APTSSSRQETQQQLEHLILDLQR-LLNGVRNDKNFNLPIMLRFELYMPRNVTELKHLQCLVKECEDLKEVLKLDQSNSLS-NITELMSNVIVLAQKLKGPETGLNCEDDDE-AVNIVDFLNKWITFCQRIFSTLT
-1,APTSSPTAEAQQQqqqqqqqqqqqqqqqqqqhLEQLLMDLQ-ELLSRMENYRNLKLPRMLTFKFYLPKQATELKDLQCLEDELGPLRHVLDLTQSKSSQLEDAEnFISNIRVTVVRLKGSDNTFECQFDDE-SATVVDFLRRWIAFCQSIIST--
-1,APTSGSSRDTRQKLVDIKEDLE-KLLNGVTNYKNHEHSTMLTFKFYTPRKVTELKHLLCLTDELNPLKDVLNLTQRKNFHLEEmARSVGNINVTVNALVESTAETPCEYDDE-TVTFVEFLNKWVTFCQSIFSTLT
-1,APTSGSSRDTRQKLVDIKEDLE-KLLKGVNNYKNHEHSTMLTFKFYTPMKVTELKHLLCLTDELNPLKDVLNLTQRKNFHLEEmARSVGNINVTVNALVESAAGAPCEYDDE-TVTFVEFLNKWVAFCQSIFSTLT
-1,APTWSSSQDTQQQLEQLMLDLQL-LLKVFENHENPKRSMLLTFKFYMPRNATELKHLQCLVEELSPLQDVLNLDKSKTSPLRnINDSVRNINTLVQALKEPAGGAPCEYGDE-PVNVELFLRRWIALCQRLY----
-1,APTSSSTGNTMKEVKSLLLDLQL-LLEKVKNPENLKLSKMHTFNFFVPKvNATELKHLNCLLEELKLLEDVLNLSP-KNVNV----NMFNIlenkghNSIRLELkiliyKESETSFKCEY-DAATVKAVEFLNKWIIFCQRIYSTMT
-1,APTSGSHRDARQKLADIKEDLQ-KLLKGVHNYKNHEHSTMLTFKFYIPRKVTELKHLLCLTDELNPLKDVLNLTQRKTFHLEEMvRSVENINVTVNALAEPTVGPTCEYDDE-TVTFVEFLNKWVTFCQSIFSTL-
-1,APTSGSSKDTRQKLVDIKEDLE-KLLKGVNNYKNHEHSTMLTFKFYTPRKVTELKHLLCLRDELNPLKDVLNLTQRKSFHLAEMvRSVENINVTVNALVDPMEGLPCEYDDE-TATFVEFLTKWAAFCQSIFSTLT
-1,APTSGSRRGAGQKLADIEEDLQ-KLLKGVHNYKNHEHSTMLTFKFYIPRKVTELKHLLCLTDELNPLKDVLNLTQRKTFHLEEMvRSVENINVTVNALVEPTVGPPCEYDDE-TVTFVEFLNKWVTFCQSIFSTL-
-1,-PTARLARDSEQHLEQLLLDLKKLKL-GVENHKGSTLATMLRFPFYLPKEATELKHFQCLVGELKPLGEVLSLAECR----HISELMSNINATVLELKGSGPTLPCDYEEE-AVSVLQLLAKWISICQSIYSRLT
-1,---------------------------------------MLTFKFYMPKKATDLKHLQCLEEELGALQHVLDLAQSKSFRLEDAENsISNIRVTVMKLKGSENTSMCEFHDE-TVTVMEFLRRWITFCQSIIETM-
-1,------------------------LLKEINNYENLKLFRMLTFKFYMPKKATELKHLQCLAEELKPLEDVLNVAQSKTQNsIDIKDLMDNINRIVLTLKGSEPSIT------------------------------
-1,---SSSTKKTQLQLEHLLLDLQM-ILNGINNYKNPKLTRMLTFKFYMPKKATELKHLQCLEEELKPLEEVLNLAQGS----------------------------------------------------------
-1,--------------------------------------------------ATELKHLNCLLEELKLLEEVLNLSPNKNLNPKeikdsmdeIKDLMDNIKRIVLELQGSETSFKCEY-DAATVKAAEFLNKWIIFCQRIYSTMT
-1,------------------------------------------FSFSLPlLNMSCLKHVQCIFEELKTLVLVLKVAASSNLSMRdKKDNGFNIKRIELEVGGGDTKKTCEY-ENMTHKAVAFVRKWIGFCKSLYSTL-
-1,--TSSSTKETEQQMEQLLLDLQL-LLNGVNNYENPQLSRMLTFKFYTPKKATEFTHLQCLAEELKNLEEVLGLPQ------------------------------------------------------------
-1,---------------------------------------------------------------LKPLEEVLNVPQSKNFHLkDTRNFISNINVTVLKLKGSATTFTCEYAQE-TANIVEFLNTWITFCQSIISKLT
-1,APtTSSSTKEAQQQLEQLLLDLQL-LLNGVKNYESP---RMLTFKFYMPKKATELTHLQCLAEELKLLEEVLYL--------------------------------------------------------------
-1,APPSNSTKE-MQQLEQLLLDLRSA-ANRV--------------------KITEKKHLQCLVEELTSLERILNVALDKEKN---RELISNINVTALELKGSETAFQC--DDDNTETVDRFLINWIEFCQRMISTL-
-1,-----------------------------------------------------LKHLQCLEEELKPLEEVLNLAQGKNSHgGNTRESISNINVTVLKLKGSET-FMCEYDE--TVTIVEFLNKW------------
-1,---------------------------------------------------------------------------SKNFHLRPRDLISNINVIVLELKGSETTFMCEYADE-TATIVEFLNRWITFSQSIISTLT
-1,---------------------------------------MLTLPFYVPQEVTEWRHLQCLGEELVHLEEALRFVEDGAGAL--KELMDNINVTAQALKGAAPSFKCAYGAE-VVNVTEFLSTWVGFCQRLFLT--
-1,--------------------------------------------------ATELKHLKCLLERLKLLEEVLNLAPSKNLNPReIKDSMDNIKRIVLELQ-------------------------------------
-1,------------------------ILNGINNYKNPKLTRMLTFKFYMPKKATELKHLQC----------------------------------------------------------------------------
-1,-----------------------------------------------------------LEEELRAVEQVLNLADHKNFPLiHTKDFISNINVTVLSLKGSETAFVCDLEDE-SVNIVEF----------------
-1,--------------------------------------------------ATELKHLKCLLEELKLLEEVLDLAPSKNLNTReIKDSMDNIMRIVLELQ-------------------------------------
-1,APTSPPPTSL---LEYLLLDLQEAheKLSGVSE-------RMKRYELYVPSRARSIADLQCFTKELHPVADALKY--ESREARYIQDHIRNINVTVNRLMGTATTH-CQYA--VKIKIRGFFGEWITFCQRLI----
-1,APTSPPPTTL---LQYLLLDLREA---------QEKLSdvseRMKKYELYIPSNARSIADLQCFTKELHPVAKALKYESKEAQH--IQDHIRNINVTVNSLMGAATA-QCQYA--VKIKIRGFFGEWITFCQRLI----
-1,APTLPPPTTLLQYLIPDLIEVQKK-LNDVSE-------RMKRYELYIPSNASSIADLQCFTKELNPVAEALKY--ESREASDIQDHISNINLTVNNLMGSETQ--CHYA--AKIKIAGFFQEFITFCQRLI----
-1,-------------------------LKEVQNKLKDVAKRMEKYELYIPSNASSIADLQCFTKELKPVAEALKY-ESKG-ATDIQNVINNINVTINSLTGSETT-QCHYV--TKINMEGFFEELITFCQRLI----
-1,APTLPPPTTVLQYLLRDLMEVQNK-LKIVSE-------RMKKYELYIPSNTSSIENLQCFTKELNPVAGALKY-ESKDAQ-NIQEYINNINVTVNSLMGPEIT-QCHYASKM--RIEGFFKEFVSVCQR------
-1,APTSRPPT-TVLQFVLDDLTLLTEKLKNVSE-------RMKGYELHIPSNTSSIEALQCFTKELKPVAGALKYESEDAQ--KIQEDINNINVNVNRLTGPETT-QCHYASKK--KIEGFFTEFISFCQKL-----
-1,APTSSSTKKTQLQLEHLLLDLQMVILNGINNYKNPKLTRMLTFKFYMPKKATELKHLQCLEEELKPLEEVLNLAQSKNFHLRPRDLISNINVIVLELKGSETTFMCEYADEKTATIVEFLNRWITFCQSIISTLT
-1,APTSSSTKKTQLQLEHLLLDLQM-ILNGINNYKNPKLTRMLTFKFYMPKKATELKHLQCLEEELKPLEEVLNLAQSKNFHLRdTKDLISNINVIVLELKGSETTLMCEYADE-TATIVEFLNRWITFCQSIISTLT
-1,APTSSSRKETQQQLEHLLKDLQR-LLETVNNYKNHELSSMLTFKFYMP-NATELNHLQCLVDELKPLEEVLTIAQSKNSHSDIKESVSNINVTAQKLKGPETKYTCVYNDE-SANVKEFLNKWITFCQSILSTL-
-1,APTSSSSQETQQQLEHLILDMQQ-LLKRVSNYKNSKLPMMLTFKFYMPRNATELKHLQCLIEEREPLEKVLKL--EKSFS-NITELISNVNVLVQNLKGPETRFKCDYDDE-TVTIVEFLNKWITFCQRIFSTLT
-1,APTSSSTKETQQHLEQLLLDLQ-VLLRGIKNYKDPILPMMLKFKFYMPNKATELKHLQCLEEELGPLQRVLDLAESKSFPLeDAENSISNIRVIVVKLKGSENPSMCEFDDE-RVTVVEFLSRWITFCQSTIAAMT
-1,APTSPPPTSL---LEYLLLDLQEAheKLSGVSE-------RMKRYELYVPSRARSIADLQCFTKELHPVADALKY--ESREARYIQDHIRNINVTVNRLMGTATTH-CQYA--VKIKIRGFFGEWITFCQRLI----
-1,APTSSSPKQTQDRLELLLRDLQ-TLLEGVTS--NPRLPKMLKLKLYPPKMVSELQHLQCLEEELRAVEQVLNLAEHKNFPlIHTKDFISNINVTVLSLKGSETAFVCDLEDE-SVNIVEFLKRWIAFCQKIMSRLT
-1,--TSSSTAEAQQQqqhLEQLLMDLQE-LLSRMENYRNLKLPRMLTFKFYLPKQATELKDLQCLEDELGPLQSVLDLTQSKSFQLeDAENFISNIRVTVVKLKGSDNTIECQFDDE-SATVVDFLRRWIAFCQSIIST--
-1,APTSSSTGNTMKEVKSLLLDLQL-LLEKVKNPENLKLSRMHTFNFYVPKvNSTELKHLKCLLEELKLLEEVLNLAPSKNLNLReIKDSMDNIKRIVLELQGSETTFTCEY-DNATVKAAEFLNKWITFCQSIYSTMT
-1,APTSSSTGNTMKEVKSLLLDLQL-LLEKVKNPENLKLSRMHTFDFYVPKvNATELKHLKCLLEELKLLEEVLNLAPSKNLNPReIKDSMDNIKRIVLELQGSETRFTCEYDD-ATVNAVEFLNKWITFCQSIYSTMT
-1,APTSSSTRETQEQLEQLLLDLQ-VIWDGVT--RNPKISKMLKPKLYFPNKPSELRHLQCLEEELKPLEQVLNLAEHKHFPlINTKDFISNINVTVKKLKIEITYQQ------------------------------
-1,APTLPPPTTL---LQYLIPDLIEVqkKLNDVSE-------RMKRYELYIPSNASSIADLQCFTKELNPVAEALKY--ESREAPDIQDHISNINLTVNNLMGSE--IQCHYA--AKIKIAGFFQEFITFCQRLI----
-1,APTLPPPTTV---LQYLLRDLMEVqnKLKIVSE-------RMKKYELYIPSNTSSIENLQCFTKELNPVAGALKY--ESKDAQNIQEYINNINVTVNSLMGPEIT-QCHYAS--KMRIEGFFKEFVSVCQR------
-1,-PTARLARDSEQHLEQLLLDLKKLKL-GVENHKGSTLATMLRFPFYLPKEATELKHFQCLVGELKPLGEVLSLA----ECRHISELMSNINATVLELKGSGPTLPCDY-EEEAVSVLQLLAKWISICQSIYSRLT
-1,APiTSSSTKETEQQMEQLLLDLQL-LLNGVNNYQNPQLSRMLTFKFYTPKKATEFTHLQCLAKELKNLEEVLGLPQSKNVHL------SYFNESLFHKKGgrraptEKKKNSTWEQEDKKATITEFMREWITVRQRIY----
-1,APTSRPPTTV---LQFVLDDLTLLteKLKNVSE-------RMKGYELHIPSNTSSIEALQCFTKELKPVAGALKY--ESEDAQKIQEDINNINVNVNRLTGPETT-QCHYASKK--KIEGFFTEFISFCQKL-----
-1,-----------------------------------------------------LKHLQCLEEELKPLEEVLNLAQGKNSHgGNTRESISNINVTVLKLKGSE-TFMCEYD--ETVTIVEFLNKW------------